SMILES,P(active),stereo_SMILES
C(C#N)[C@H](C(=O)O)N,0.0,C(C#N)[C@H](C(=O)O)N
C(C(=O)O)N,0.0006871134986570054,C(C(=O)O)N
C(C(C(=O)O)N)C(=O)N,0.0,C([C@@H](C(=O)O)N)C(=O)N
C(CC(=O)N)[C@@H](C(=O)O)N,0.0038999770589584768,C(CC(=O)N)[C@@H](C(=O)O)N
C(CC(=O)O)CN,0.003656307129798903,C(CC(=O)O)CN
C(CC(=O)O)[C@@H](C(=O)N)N,0.0,C(CC(=O)O)[C@@H](C(=O)N)N
C(CCC(=O)O)CCN,0.011429904362024726,C(CCC(=O)O)CCN
C(CCN)CC(=O)O,0.0023740776387552133,C(CCN)CC(=O)O
C(CN)C(=O)O,0.0009384971532253019,C(CN)C(=O)O
C(COCC(=O)O)N,0.0003224766204450177,C(COCC(=O)O)N
C(C[C@@H](C(=O)O)N)CNC(=O)N,0.0028222013170272815,C(C[C@@H](C(=O)O)N)CNC(=O)N
C(C[C@H](C(=O)O)N)CNC(=O)N,0.000824925439431436,C(C[C@H](C(=O)O)N)CNC(=O)N
C([C@@H](C(=O)O)N)O,0.0,C([C@@H](C(=O)O)N)O
C([C@@H](C(=O)O)O)N,0.0,C([C@@H](C(=O)O)O)N
C([C@H](C(=O)O)N)O,0.00018811136192626034,C([C@H](C(=O)O)N)O
C1C(CN1)C(=O)O,0.002179080824088748,C1C(CN1)C(=O)O
C1C(CN1)OCC(=O)O,0.005924170616113744,C1C(CN1)OCC(=O)O
C1CC(C1)(C(=O)O)N,0.0005016302984700275,C1CC(C1)(C(=O)O)N
C1CC(C1)C[C@H](C(=O)O)N,0.0,C1CC(C1)C[C@H](C(=O)O)N
C1CC(CC(C1)N)C(=O)O,0.002544055596922313,C1C[C@@H](C[C@@H](C1)N)C(=O)O
C1CC(CCC1C(=O)O)N,0.002274594048145574,C1CC(CCC1C(=O)O)N
C1CC(CCC1CN)C(=O)O,0.009033670955379141,C1CC(CCC1CN)C(=O)O
C1CC(CNC1)C(=O)O,0.003046505844317334,C1C[C@H](CNC1)C(=O)O
C1CC(Cc2c1n(nn2)C3CCNCC3)C(=O)O,0.0,C1C[C@@H](Cc2c1n(nn2)C3CCNCC3)C(=O)O
C1CC(Cn2c1nnc2N3CCNCC3)C(=O)O,0.00045421511627906976,C1C[C@@H](Cn2c1nnc2N3CCNCC3)C(=O)O
C1CC1(C(=O)O)N,0.0006020469596628537,C1CC1(C(=O)O)N
C1CC1(CN)C(=O)O,0.0014458134272064371,C1CC1(CN)C(=O)O
C1CC1C(C(=O)O)N,0.0,C1CC1[C@@H](C(=O)O)N
C1CC1C[C@@H](C(=O)O)N,0.0,C1CC1C[C@@H](C(=O)O)N
C1CC1C[C@H](C(=O)O)N,0.0028282320407265415,C1CC1C[C@H](C(=O)O)N
C1CC1[C@@H](C(=O)O)N,0.0,C1CC1[C@@H](C(=O)O)N
C1CC1[C@H](C(=O)O)N,0.0018631545133311917,C1CC1[C@H](C(=O)O)N
C1CCC(C1)(C(=O)O)N,0.0006407791874919902,C1CCC(C1)(C(=O)O)N
C1CCC(C1)[C@@H](C(=O)O)N,0.0041875,C1CCC(C1)[C@@H](C(=O)O)N
C1CCC(C1)[C@H](C(=O)O)N,0.0,C1CCC(C1)[C@H](C(=O)O)N
C1CCC(CC1)(CC(=O)O)CN,0.007767603410167351,C1CCC(CC1)(CC(=O)O)CN
C1CCC(CC1)(CC(=O)O)N,0.0001799694052011158,C1CCC(CC1)(CC(=O)O)N
C1CCC(CC1)C(C(=O)O)N,0.021894736842105262,C1CCC(CC1)[C@@H](C(=O)O)N
C1CCC(CC1)CC[C@@H](C(=O)O)N,0.0035778175313059034,C1CCC(CC1)CC[C@@H](C(=O)O)N
C1CCC(CC1)CC[C@H](C(=O)O)N,0.0024374830730342152,C1CCC(CC1)CC[C@H](C(=O)O)N
C1CCC(CC1)C[C@@H](C(=O)O)N,0.014819326025172554,C1CCC(CC1)C[C@@H](C(=O)O)N
C1CCC(CC1)C[C@H](C(=O)O)N,0.014236653137683422,C1CCC(CC1)C[C@H](C(=O)O)N
C1CCC(CC1)[C@@H](C(=O)O)N,0.0,C1CCC(CC1)[C@@H](C(=O)O)N
C1CCC(CC1)[C@H](C(=O)O)N,0.004985355518165389,C1CCC(CC1)[C@H](C(=O)O)N
C1CCC2C(C1)C[C@H](N2)C(=O)O,0.0037013801756587204,C1CC[C@@H]2[C@H](C1)C[C@H](N2)C(=O)O
C1CCNC(C1)C(=O)O,0.0,C1CCN[C@H](C1)C(=O)O
C1CCNC(C1)CC(=O)O,0.0,C1CCN[C@@H](C1)CC(=O)O
C1CCN[C@@H](C1)C(=O)O,8.565310492505354e-05,C1CCN[C@@H](C1)C(=O)O
C1CCN[C@H](C1)C(=O)O,0.002432027937141432,C1CCN[C@H](C1)C(=O)O
C1CC[C@H]([C@@H](C1)C(=O)O)N,0.0009817396426467701,C1CC[C@H]([C@@H](C1)C(=O)O)N
C1CN(C(=O)C2C1CNC2)CC(=O)O,0.0,C1CN(C(=O)[C@@H]2[C@H]1CNC2)CC(=O)O
C1CN(C(=O)CN1)CC(=O)O,0.0035410764872521247,C1CN(C(=O)CN1)CC(=O)O
C1CN(CCN1)CC(=O)O,0.0,C1CN(CCN1)CC(=O)O
C1CN(CCN1CCN)CC(=O)O,0.0,C1CN(CCN1CCN)CC(=O)O
C1CNC1C(=O)O,0.0,C1CN[C@@H]1C(=O)O
C1CNCC1C(=O)O,0.002270577105014191,C1CNC[C@@H]1C(=O)O
C1CNCCC1C(=O)O,0.002329192546583851,C1CNCCC1C(=O)O
C1CNCCC1CC(=O)O,0.0,C1CNCCC1CC(=O)O
C1CNCCC1CCCC(=O)O,0.024476347375853143,C1CNCCC1CCCC(=O)O
C1CNC[C@H]1C(=O)O,0.002466251298026999,C1CNC[C@H]1C(=O)O
C1CN[C@@H]1C(=O)O,0.0012237405669997961,C1CN[C@@H]1C(=O)O
C1COCC(N1)C(=O)O,0.0025401223877150447,C1COC[C@@H](N1)C(=O)O
C1COCCC1C(C(=O)O)N,0.004437178888369921,C1COCCC1[C@H](C(=O)O)N
C1COC[C@@H](N1)C(=O)O,0.0,C1COC[C@@H](N1)C(=O)O
C1C[C@@H](CNC1)C(=O)O,0.008494572911750826,C1C[C@@H](CNC1)C(=O)O
C1C[C@@H](CNC1)CC(=O)O,8.976660682226212e-05,C1C[C@@H](CNC1)CC(=O)O
C1C[C@@H](C[C@@H](C1)N)C(=O)O,0.008828996282527882,C1C[C@@H](C[C@@H](C1)N)C(=O)O
C1C[C@@H](NC1)C(=O)O,0.000866765725606736,C1C[C@@H](NC1)C(=O)O
C1C[C@@H]([C@H](C1)N)C(=O)O,0.00038206826286296485,C1C[C@@H]([C@H](C1)N)C(=O)O
C1C[C@H](CNC1)C(=O)O,0.00372695174578266,C1C[C@H](CNC1)C(=O)O
C1C[C@H](C[C@@H](C1)N)C(=O)O,0.004654410053525715,C1C[C@H](C[C@@H](C1)N)C(=O)O
C1C[C@H](Cn2c1nnc2C3CCNCC3)C(=O)O,0.0,C1C[C@H](Cn2c1nnc2C3CCNCC3)C(=O)O
C1C[C@H](N(C1)C2CCNCC2)C(=O)O,0.003675719828466408,C1C[C@H](N(C1)C2CCNCC2)C(=O)O
C1C[C@H](NC1)C(=O)O,0.0007554296506137865,C1C[C@H](NC1)C(=O)O
C1C[C@H]2C[C@@H]1[C@@H]([C@@H]2N)C(=O)O,0.011839708561020037,C1C[C@H]2C[C@@H]1[C@@H]([C@@H]2N)C(=O)O
C1[C@@H](CC[C@@H](C1)N)C(=O)O,0.00027462467960454045,C1[C@@H](CC[C@@H](C1)N)C(=O)O
C1[C@@H](CC[C@@H](C1)N)CC(=O)O,0.0016951362628765158,C1[C@@H](CC[C@@H](C1)N)CC(=O)O
C1[C@@H](CC[C@H](C1)C(=O)O)CN,0.052878965922444184,C1[C@@H](CC[C@H](C1)C(=O)O)CN
C1[C@@H](CN[C@@H]1C(=O)O)F,0.0002079434393844874,C1[C@@H](CN[C@@H]1C(=O)O)F
C1[C@H](CN[C@@H]1C(=O)O)F,0.0,C1[C@H](CN[C@@H]1C(=O)O)F
C1[C@H](CN[C@@H]1C(=O)O)O,0.00023348120476301658,C1[C@H](CN[C@@H]1C(=O)O)O
C1[C@H](NCC1(F)F)C(=O)O,0.002276961291658042,C1[C@H](NCC1(F)F)C(=O)O
C=CC1=CC=C(CN)C=C1,0.25169908600890556,C=CC1=CC=C(CN)C=C1
C=CCC(O)(CN)CC=C,0.028705882352941175,C=CCC(O)(CN)CC=C
C=CCCN,0.01914441030489246,C=CCCN
CC(=O)NC1=CC=CC(CN)=C1,0.05235726131248519,CC(=O)NC1=CC=CC(CN)=C1
CC(=O)NCC(C)CN,0.015775841770661644,C[C@H](CN)CNC(=O)C
CC(=O)NCCN,0.05498839907192576,CC(=O)NCCN
CC(=O)Nc1ccc(cc1)C[C@@H](C(=O)O)N,0.0,CC(=O)Nc1ccc(cc1)C[C@@H](C(=O)O)N
CC(C(=O)O)N,0.0018629683295383979,C[C@@H](C(=O)O)N
CC(C)(C)C(C(=O)O)N,8.577800651912849e-05,CC(C)(C)[C@H](C(=O)O)N
CC(C)(C)C1=CSC(CN)=N1,0.29054197662061637,CC(C)(C)C1=CSC(CN)=N1
CC(C)(C)C1=NOC(CN)=N1,0.07396937573616019,CC(C)(C)C1=NOC(CN)=N1
CC(C)(C)OCCNCC(=O)O,0.002927400468384075,CC(C)(C)OCCNCC(=O)O
CC(C)(C)OC[C@@H](C(=O)O)N,0.0025605672641323615,CC(C)(C)OC[C@@H](C(=O)O)N
CC(C)(C)Oc1ccc(cc1)C[C@@H](C(=O)O)N,0.031198686371100164,CC(C)(C)Oc1ccc(cc1)C[C@@H](C(=O)O)N
CC(C)(C)Oc1ccc(cc1)C[C@H](C(=O)O)N,0.03897900163460329,CC(C)(C)Oc1ccc(cc1)C[C@H](C(=O)O)N
CC(C)(C)[C@@H](C(=O)O)N,0.012741558717349756,CC(C)(C)[C@@H](C(=O)O)N
CC(C)(C)[C@H](C(=O)O)N,0.004679019277559424,CC(C)(C)[C@H](C(=O)O)N
CC(C)(CCN)C(=O)O,0.0014300572022880914,CC(C)(CCN)C(=O)O
CC(C)(CN)CO,0.2006980802792321,CC(C)(CN)CO
CC(C)([C@@H](C(=O)O)N)O,0.0,CC(C)([C@@H](C(=O)O)N)O
CC(C)C(C(=O)O)N,8.479606546256254e-05,CC(C)[C@@H](C(=O)O)N
CC(C)C1=NC(CN)=NO1,0.04776689754000478,CC(C)C1=NC(CN)=NO1
CC(C)C1=NOC(CN)=N1,0.036080074487895714,CC(C)C1=NOC(CN)=N1
CC(C)CC(CC(=O)O)CN,0.005566470203012442,CC(C)C[C@H](CC(=O)O)CN
CC(C)CC(CC(=O)O)N,0.0001789709172259508,CC(C)C[C@H](CC(=O)O)N
CC(C)CC(c1nc(cs1)C(=O)O)N,0.007888509071785432,CC(C)C[C@H](c1nc(cs1)C(=O)O)N
CC(C)CC1=NOC(CN)=C1,0.23658536585365852,CC(C)CC1=NOC(CN)=C1
CC(C)CCCCCN,0.11264822134387352,CC(C)CCCCCN
CC(C)CCN,0.03574788334901223,CC(C)CCN
CC(C)CC[C@@H](C(=O)O)N,0.004934834872833102,CC(C)CC[C@@H](C(=O)O)N
CC(C)CC[C@H](C(=O)O)N,0.023575235752357523,CC(C)CC[C@H](C(=O)O)N
CC(C)COCCCN,0.09156452775775054,CC(C)COCCCN
CC(C)C[C@@H](C(=O)O)N,0.0019456473984811398,CC(C)C[C@@H](C(=O)O)N
CC(C)C[C@@H](C(=O)O)NC,0.00813927198733891,CC(C)C[C@@H](C(=O)O)NC
CC(C)C[C@@H](CC(=O)O)CN,0.004547521600727604,CC(C)C[C@@H](CC(=O)O)CN
CC(C)C[C@@H](c1nc(co1)C(=O)O)N,0.002808621815806662,CC(C)C[C@@H](c1nc(co1)C(=O)O)N
CC(C)C[C@H](C(=O)O)N,0.001957441434615142,CC(C)C[C@H](C(=O)O)N
CC(C)N(CCN)C(C)C,0.035257184255010864,CC(C)N(CCN)C(C)C
CC(C)N1CCC(CCN)CC1,0.0011773016246762421,CC(C)N1CCC(CCN)CC1
CC(C)N1CCC(CN)C1,0.013598834385624089,CC(C)N1CC[C@@H](C1)CN
CC(C)N1CCCC(CN)C1,0.0009794319294809011,CC(C)N1CCC[C@H](C1)CN
CC(C)NC(=O)CN,0.01616254906488109,CC(C)NC(=O)CN
CC(C)OCCCN,0.056848811565792697,CC(C)OCCCN
CC(C)[C@@H](C(=O)O)N,0.008177643580549789,CC(C)[C@@H](C(=O)O)N
CC(C)[C@@H](CC(=O)O)N,0.003497222793663855,CC(C)[C@@H](CC(=O)O)N
CC(C)[C@@H](CCC(=O)O)N,0.0,CC(C)[C@@H](CCC(=O)O)N
CC(C)[C@H](C(=O)O)N,0.0029020251088259417,CC(C)[C@H](C(=O)O)N
CC(C)c1ccc(cc1)C(CC(=O)O)N,0.0,CC(C)c1ccc(cc1)[C@H](CC(=O)O)N
CC(CC(=O)O)N,0.0024630541871921183,C[C@@H](CC(=O)O)N
CC(CCN)N(C)C,0.009910335063709298,C[C@@H](CCN)N(C)C
CC(CN)N(C)C,0.007283834586466165,C[C@H](CN)N(C)C
CC(CN)N1CCCC1,0.002363507445048452,C[C@H](CN)N1CCCC1
CC(CN)N1CCCCC1,0.0030696576151121604,C[C@@H](CN)N1CCCCC1
CC(CN)OC1=CC=CC=C1,0.09637976504435387,C[C@@H](CN)Oc1ccccc1
CC(F)(F)CN,0.01342123852130916,CC(F)(F)CN
CC(N)CN1CCCCC1,0.011119168479574571,C[C@H](CN1CCCCC1)N
CC(N)CN1CCN(C)CC1,0.011235955056179775,C[C@@H](CN1CCN(CC1)C)N
CC1(CCCNC1)C(=O)O,0.007085498346717053,C[C@]1(CCCNC1)C(=O)O
CC1(CCNC1C(=O)O)C,0.0028155795401220087,CC1(CCN[C@H]1C(=O)O)C
CC1(CCNCC1)C(=O)O,0.024660633484162895,CC1(CCNCC1)C(=O)O
CC1=C(C(CN)N(C)C)C=CC=C1,0.02374794262873266,Cc1ccccc1[C@H](CN)N(C)C
CC1=C(CN)C=C(F)C=C1,0.06371849738468854,CC1=C(CN)C=C(F)C=C1
CC1=C(CN)C=CC(F)=C1,0.05242030696576151,CC1=C(CN)C=CC(F)=C1
CC1=C(CN)C=CC=C1,0.060871682493304116,CC1=C(CN)C=CC=C1
CC1=C(CN)C=NN1C,0.02215935879302216,CC1=C(CN)C=NN1C
CC1=C(CN)N=CC=N1,0.004617871161394597,CC1=C(CN)N=CC=N1
CC1=C(CN)OC(C2=CC=CC=C2)=N1,0.11509303928325293,CC1=C(CN)OC(C2=CC=CC=C2)=N1
CC1=C(CN)SC(C2=CC=CC=C2)=N1,0.35674822415153906,CC1=C(CN)SC(C2=CC=CC=C2)=N1
CC1=C(CN)SC=C1,0.07025591501690005,CC1=C(CN)SC=C1
CC1=C(F)C=C(CN)C=C1,0.14912908613696016,CC1=C(F)C=C(CN)C=C1
CC1=C(F)C=CC(CN)=C1F,0.08092892329345532,CC1=C(F)C=CC(CN)=C1F
CC1=C(NC(=O)CN)C=CC=C1,0.05812324929971989,CC1=C(NC(=O)CN)C=CC=C1
CC1=C(OCCN)C=CC=C1,0.08470926058865758,CC1=C(OCCN)C=CC=C1
CC1=CC(C(F)(F)F)=NN1CCN,0.03351300679634404,CC1=CC(C(F)(F)F)=NN1CCN
CC1=CC(C)=C(CN)C(=O)[NH]1,0.01732018282415203,CC1=CC(C)=C(CN)C(=O)[NH]1
CC1=CC(C)=NC(CN)=N1,0.012287334593572778,CC1=CC(C)=NC(CN)=N1
CC1=CC(CCN)=C(C)C=C1,0.07434106780806488,CC1=CC(CCN)=C(C)C=C1
CC1=CC(CN)=C(C(F)(F)F)C=C1,0.13004484304932734,CC1=CC(CN)=C(C(F)(F)F)C=C1
CC1=CC2=C(C=CC=C2)N1CCN,0.05292278085157565,CC1=CC2=C(C=CC=C2)N1CCN
CC1=CC=C(C(CN)N(C)C)O1,0.012099644128113879,Cc1ccc(o1)[C@@H](CN)N(C)C
CC1=CC=C(CN)C=C1,0.09476427386875148,CC1=CC=C(CN)C=C1
CC1=CC=C(CN)S1,0.06501980890235376,CC1=CC=C(CN)S1
CC1=CC=C(S(=O)(=O)CCN)C=C1,0.0706880301602262,CC1=CC=C(S(=O)(=O)CCN)C=C1
CC1=CC=CC(C(CN)N2CCOCC2)=C1,0.03587658454915092,Cc1cccc(c1)[C@@H](CN)N2CCOCC2
CC1=CC=CC(CC(C)N)=N1,0.016674495068107094,Cc1cccc(n1)C[C@@H](C)N
CC1=CC=CC(CN)=C1,0.07028678890456042,CC1=CC=CC(CN)=C1
CC1=CC=CC(NC(=O)CN)=C1C,0.045476190476190476,CC1=CC=CC(NC(=O)CN)=C1C
CC1=CC=CC(OCCCN)=C1,0.03678051110580368,CC1=CC=CC(OCCCN)=C1
CC1=CN2C=C(CN)N=C2C=C1,0.0461429247515381,CC1=CN2C=C(CN)N=C2C=C1
CC1=CN=C(C(=O)NCCCN)C=N1,0.037803138373751786,CC1=CN=C(C(=O)NCCCN)C=N1
CC1=CN=C(CN)C=C1,0.03161868806040585,CC1=CN=C(CN)C=C1
CC1=CSC(CN)=C1,0.08621960206337509,CC1=CSC(CN)=C1
CC1=NC(C)=C(CN)S1,0.040137614678899085,CC1=NC(C)=C(CN)S1
CC1=NC(CN)=C(F)C=C1,0.0361247947454844,CC1=NC(CN)=C(F)C=C1
CC1=NC(CN)=NC(C(F)(F)F)=C1,0.04975961538461538,CC1=NC(CN)=NC(C(F)(F)F)=C1
CC1=NC=C(CN)C=C1,0.03635100717758741,CC1=NC=C(CN)C=C1
CC1=NC=CC(CN)=C1,0.023255813953488372,CC1=NC=CC(CN)=C1
CC1=NC=CN1CCN,0.008,CC1=NC=CN1CCN
CC1=NN(C)C(C)=C1CN,0.02818955042527339,CC1=NN(C)C(C)=C1CN
CC1=NN(C)C=C1CN,0.02336558886004248,CC1=NN(C)C=C1CN
CC1=NN(CC2(CN)CC2)C(C)=C1,0.034162212409946546,CC1=NN(CC2(CN)CC2)C(C)=C1
CC1=NN(CCCN)C(C)=C1,0.02664465927847206,CC1=NN(CCCN)C(C)=C1
CC1=NN(CCCN)C(C)=C1Cl,0.056107134610944354,CC1=NN(CCCN)C(C)=C1Cl
CC1=NN2C=C(CN)N=C2S1,0.05859010270774977,CC1=NN2C=C(CN)N=C2S1
CC1=NOC(C)=C1CCCN,0.03533138401559454,CC1=NOC(C)=C1CCCN
CC1=NOC(CN)=C1,0.03516856657773466,CC1=NOC(CN)=C1
CC1=NOC(CN)=N1,0.04808414725770098,CC1=NOC(CN)=N1
CC1CCCN(CCCN)C1,0.0028625954198473282,C[C@H]1CCCN(C1)CCCN
CC1CCN(CCCN)CC1,0.010721944245889922,CC1CCN(CCCN)CC1
CCC(C(=O)O)N,0.005150391429748661,CC[C@H](C(=O)O)N
CCC(CC)CN,0.059294117647058824,CCC(CC)CN
CCC(CN)N1CCCCC1,0.006616257088846881,CC[C@@H](CN)N1CCCCC1
CCC1=C(C)N(CCN)N=C1C,0.0502283105022831,CCC1=C(C)N(CCN)N=C1C
CCC1=CC=C(CN)C=C1,0.1923249551166966,CCC1=CC=C(CN)C=C1
CCC1=CSC(CN)=N1,0.05971541870772102,CCC1=CSC(CN)=N1
CCC1=NC=CN1CCCN,0.0079031859718449,CCC1=NC=CN1CCCN
CCC1=NOC(CCN)=N1,0.02655275917801893,CCC1=NOC(CCN)=N1
CCC1=NOC(CN)=C1,0.06841236140599198,CCC1=NOC(CN)=C1
CCCC(C(=O)O)N,0.006918238993710692,CCC[C@@H](C(=O)O)N
CCCC1=C(CN)C(=O)[NH]C(C)=C1,0.03799217131015427,CCCC1=C(CN)C(=O)[NH]C(C)=C1
CCCC1=NC(CN)=CS1,0.11100853911839373,CCCC1=NC(CN)=CS1
CCCC1=NOC(CN)=C1,0.16923076923076924,CCCC1=NOC(CN)=C1
CCCCC(C(=O)O)N,0.010790620460676489,CCCC[C@H](C(=O)O)N
CCCCCCCN,0.1413540713632205,CCCCCCCN
CCCCCCN,0.07844506517690875,CCCCCCN
CCCCCN,0.0380952380952381,CCCCCN
CCCCN(CC)CCN,0.0045684058667949026,CCCCN(CC)CCN
CCCCN(CCCC)CCCN,0.01330166270783848,CCCCN(CCCC)CCCN
CCCCN(CCN)CCCC,0.009170105456212746,CCCCN(CCN)CCCC
CCCCN1CCC(CN)CC1,0.008206613565049481,CCCCN1CCC(CN)CC1
CCCC[C@@H](C(=O)O)N,0.002939520920632935,CCCC[C@@H](C(=O)O)N
CCCC[C@@H](C(=O)O)NC,0.01342123852130916,CCCC[C@@H](C(=O)O)NC
CCCC[C@H](C(=O)O)N,0.003941441441441441,CCCC[C@H](C(=O)O)N
CCCN1CCC(CCN)CC1,0.015929624346172136,CCCN1CCC(CCN)CC1
CCCN1CCCC(CN)C1,0.010004880429477794,CCCN1CCC[C@H](C1)CN
CCCOCCN,0.032520325203252036,CCCOCCN
CCC[C@@H](C(=O)O)N,0.005758946935417524,CCC[C@@H](C(=O)O)N
CCC[C@@H](C(=O)O)NC,0.005005688282138794,CCC[C@@H](C(=O)O)NC
CCC[C@H](C(=O)O)N,0.0023693727397431103,CCC[C@H](C(=O)O)N
CCN(CC)CCCN,0.003958090803259604,CCN(CC)CCCN
CCN(CC)CCN,0.0023618327822390174,CCN(CC)CCN
CCN1CCN(CCCN)CC1,0.00980392156862745,CCN1CCN(CCCN)CC1
CCN1CCN(CCN)CC1,0.011636363636363636,CCN1CCN(CCN)CC1
CCNCC(=O)O,0.0,CCNCC(=O)O
CCOC1=C(OCC)C=C(CCN)C=C1,0.0440791041219919,CCOC1=C(OCC)C=C(CCN)C=C1
CCOC1=C(OCCN)C=CC=C1,0.09701492537313433,CCOC1=C(OCCN)C=CC=C1
CCOC1=CC=CC(CCN)=C1,0.06320596010574381,CCOC1=CC=CC(CCN)=C1
CCOC1=NC=C(CN)C=C1,0.18914027149321266,CCOC1=NC=C(CN)C=C1
CCOCCCN,0.016617345777373095,CCOCCCN
CCOc1ccc(cc1)C[C@@H](C(=O)O)N,0.006877311360539804,CCOc1ccc(cc1)C[C@@H](C(=O)O)N
CCOc1ccc(cc1)C[C@H](C(=O)O)N,0.03178220955998734,CCOc1ccc(cc1)C[C@H](C(=O)O)N
CCS(=O)(=O)CCN,0.016993776926759217,CCS(=O)(=O)CCN
CC[C@@H](C(=O)O)N,0.00148864905098623,CC[C@@H](C(=O)O)N
CC[C@@H]1CC[C@@H](CN1)C(=O)O,0.0001833348611238427,CC[C@@H]1CC[C@@H](CN1)C(=O)O
CC[C@H](C(=O)O)N,0.0016416214168455613,CC[C@H](C(=O)O)N
CC[C@H](C)[C@@H](C(=O)O)N,0.00311587147030185,CC[C@H](C)[C@@H](C(=O)O)N
CC[C@H](C)[C@H](C(=O)O)N,0.003459119496855346,CC[C@H](C)[C@H](C(=O)O)N
CCc1ccc(cc1)C(CC(=O)O)N,0.004978573229140408,CCc1ccc(cc1)[C@@H](CC(=O)O)N
CCc1cn(nc1C2CCNCC2)CC(=O)O,0.0003544528134692069,CCc1cn(nc1C2CCNCC2)CC(=O)O
CCc1nc(c(o1)C2CCNCC2)C(=O)O,0.00072720661758022,CCc1nc(c(o1)C2CCNCC2)C(=O)O
CN(C)C(=O)C1=CC=CC(CN)=C1,0.044848484848484846,CN(C)C(=O)C1=CC=CC(CN)=C1
CN(C)C(CN)C1=CC=CO1,0.05344619105199516,CN(C)[C@H](CN)c1ccco1
CN(C)C(CN)C1=CN=CC=C1,0.054481546572934976,CN(C)[C@H](CN)c1cccnc1
CN(C)C1=C(CN)C=CC=N1,0.043799095453463464,CN(C)C1=C(CN)C=CC=N1
CN(C)CC1=CC=C(CN)C=C1,0.049516908212560384,CN(C)CC1=CC=C(CN)C=C1
CN(C)CCCCCN,0.018714602314700814,CN(C)CCCCCN
CN(C)CCCN,0.00914560770156438,CN(C)CCCN
CN(C)CCN,0.03025328330206379,CN(C)CCN
CN(C)CCOC1=C(CN)C=CC=C1,0.018662142510906445,CN(C)CCOC1=C(CN)C=CC=C1
CN(C)S(=O)(=O)C1=CC=C(CN)C=C1,0.452770656675212,CN(C)S(=O)(=O)C1=CC=C(CN)C=C1
CN(C)S(=O)(=O)CCN,0.025940640336527227,CN(C)S(=O)(=O)CCN
CN(C)[C@@H]1CCCC[C@@H]1N,0.004356243949661181,CN(C)[C@@H]1CCCC[C@@H]1N
CN(C)[C@@H]1CCCC[C@H]1N,0.0037426900584795323,CN(C)[C@@H]1CCCC[C@H]1N
CN(C)[C@@H]1CCC[C@H]1N,0.004089487611258119,CN(C)[C@@H]1CCC[C@H]1N
CN(C)c1ccc(cc1)C[C@@H](C(=O)O)N,0.008523277587654162,CN(C)c1ccc(cc1)C[C@@H](C(=O)O)N
CN(C)c1ccc(cc1)C[C@H](C(=O)O)N,0.0034132841328413286,CN(C)c1ccc(cc1)C[C@H](C(=O)O)N
CN(CCN)C1CCCCC1,0.006305464736104624,CN(CCN)C1CCCCC1
CN1C=C(CCCN)C=N1,0.02482022732544653,CN1C=C(CCCN)C=N1
CN1C=C(CN)C(C(F)(F)F)=N1,0.03709021296960995,CN1C=C(CN)C(C(F)(F)F)=N1
CN1C=CN=C1CN,0.00793459966338062,CN1C=CN=C1CN
CN1C=CN=C1SCCN,0.02888086642599278,CN1C=CN=C1SCCN
CN1C=NC=C1CN,0.03872330438864116,CN1C=NC=C1CN
CN1CCC(CN)C1,0.05968045112781955,CN1CC[C@H](C1)CN
CN1CCC(N)C1,0.010884997633696167,CN1CC[C@H](C1)N
CN1CCC(O)(CCN)CC1,0.03307481751824817,CN1CCC(O)(CCN)CC1
CN1CCCC(CN)C1,0.0040198628517379995,CN1CCC[C@@H](C1)CN
CN1CCN(C2=CC=CC(CN)=C2)CC1,0.02455795677799607,CN1CCN(C2=CC=CC(CN)=C2)CC1
CN1CCN(CCCN)CC1,0.038396522579087176,CN1CCN(CCCN)CC1
CN1CCN(CCN)CC1,0.01828241520327159,CN1CCN(CCN)CC1
CN1CCOC(CN)C1,0.005659042678613535,CN1CCO[C@@H](C1)CN
CN1N=C(C2=CC=CC=C2)C=C1CN,0.17787709497206705,CN1N=C(C2=CC=CC=C2)C=C1CN
CN1N=CC=C1C1=CC=CC(CN)=C1,0.06088992974238876,CN1N=CC=C1C1=CC=CC(CN)=C1
CN1N=CC=C1CN,0.024156900263094954,CN1N=CC=C1CN
CN1c2cc(ccc2OC[C@H](C1=O)N)C(=O)O,0.0005463485703879075,CN1c2cc(ccc2OC[C@H](C1=O)N)C(=O)O
CN1c2ccc(cc2OC[C@@H](C1=O)N)C(=O)O,0.0009746588693957114,CN1c2ccc(cc2OC[C@@H](C1=O)N)C(=O)O
CNCC(=O)O,0.0018548574078367725,CNCC(=O)O
CNCCC(=O)O,0.0,CNCCC(=O)O
CNCCCC(=O)O,0.0021087160262417996,CNCCCC(=O)O
CNCc1ccc(cc1)C(=O)O,0.016613563950842056,CNCc1ccc(cc1)C(=O)O
CN[C@@H](c1ccccc1)C(=O)O,8.98391878537418e-05,CN[C@@H](c1ccccc1)C(=O)O
CN[C@H](Cc1ccc(cc1)OCc2ccccc2)C(=O)O,0.0009982757055994192,CN[C@H](Cc1ccc(cc1)OCc2ccccc2)C(=O)O
COC(CN)C1=CC=CS1,0.04646882907752473,CO[C@@H](CN)c1cccs1
COC1=C(C(F)(F)F)C=C(CN)C=C1,0.29933527212297467,COC1=C(C(F)(F)F)C=C(CN)C=C1
COC1=C(CN)C=C(F)C=C1,0.07384903014723067,COC1=C(CN)C=C(F)C=C1
COC1=C(CN)C=CC=C1,0.06441644877584977,COC1=C(CN)C=CC=C1
COC1=C(F)C(CN)=C(Cl)C=C1,0.07638722075426375,COC1=C(F)C(CN)=C(Cl)C=C1
COC1=C(F)C=C(CN)C=C1,0.1389970231280055,COC1=C(F)C=C(CN)C=C1
COC1=C(N2CCN(CCCN)CC2)C=CC=C1,0.0056657223796034,COC1=C(N2CCN(CCCN)CC2)C=CC=C1
COC1=C(OC)C=C(C2=NOC(CN)=N2)C=C1,0.010672853828306265,COC1=C(OC)C=C(C2=NOC(CN)=N2)C=C1
COC1=C(OC)C=C(CN)C=C1,0.03566400750821211,COC1=C(OC)C=C(CN)C=C1
COC1=CC(C(CN)N(C)C)=CC=C1,0.009057129586623316,CN(C)[C@H](CN)c1cccc(c1)OC
COC1=CC(C(F)(F)F)=C(CN)C=C1,0.1385665529010239,COC1=CC(C(F)(F)F)=C(CN)C=C1
COC1=CC(C(O)CN)=C(OC)C=C1,0.07603268270540173,COc1ccc(c(c1)[C@H](CN)O)OC
COC1=CC(OC)=C(CN)C=C1,0.07469264671769892,COC1=CC(OC)=C(CN)C=C1
COC1=CC2=C(CCN)C=CC=C2C=C1,0.01595618004286735,COC1=CC2=C(CCN)C=CC=C2C=C1
COC1=CC=C(C(CN)N(C)C)C=C1,0.006472491909385114,CN(C)[C@H](CN)c1ccc(cc1)OC
COC1=CC=C(C2=CC(CN)=NO2)C=C1,0.12625698324022347,COC1=CC=C(C2=CC(CN)=NO2)C=C1
COC1=CC=C(C2=NOC(CN)=C2)C=C1,0.06547064305684995,COC1=CC=C(C2=NOC(CN)=C2)C=C1
COC1=CC=C(CN)C=C1,0.09329647546648238,COC1=CC=C(CN)C=C1
COC1=CC=C(OC2=CC(CN)=CC=C2)C=C1,0.10342384887839433,COC1=CC=C(OC2=CC(CN)=CC=C2)C=C1
COC1=CC=C(OCCN)C=C1,0.11095571095571095,COC1=CC=C(OCCN)C=C1
COC1=CC=CC(CN)=C1,0.06317774634606317,COC1=CC=CC(CN)=C1
COC1=NC=C(CN)C=C1,0.06108442004118051,COC1=NC=C(CN)C=C1
COC1=NC=CC(CN)=C1,0.031654676258992806,COC1=NC=CC(CN)=C1
COC1C[C@H](CNC1)c2ccc(cc2)C(=O)O,0.0007221520129987362,CO[C@@H]1C[C@H](CNC1)c2ccc(cc2)C(=O)O
COCCCN,0.010340775558166862,COCCCN
COCCCN1C=NN=C1CN,0.00553377910998386,COCCCN1C=NN=C1CN
COCCN,0.017543859649122806,COCCN
COC[C@@H](C(=O)O)N,0.00026474036534170417,COC[C@@H](C(=O)O)N
COc1ccc(cc1)C(CC(=O)O)N,0.004080331526936563,COc1ccc(cc1)[C@H](CC(=O)O)N
COc1ccc(cc1)CC(C(=O)O)N,0.010746711135816194,COc1ccc(cc1)C[C@@H](C(=O)O)N
COc1ccc(cc1)C[C@@H](C(=O)O)N,0.007412991581857017,COc1ccc(cc1)C[C@@H](C(=O)O)N
COc1ccc(cc1OC)C(CC(=O)O)N,0.0,COc1ccc(cc1OC)[C@H](CC(=O)O)N
COc1ccc(cc1OC)C[C@@H](C(=O)O)N,0.007805325987144169,COc1ccc(cc1OC)C[C@@H](C(=O)O)N
COc1cccc(c1)C[C@@H](C(=O)O)N,0.004397594257259264,COc1cccc(c1)C[C@@H](C(=O)O)N
COc1cccc(c1)C[C@H](C(=O)O)N,0.010397712503249286,COc1cccc(c1)C[C@H](C(=O)O)N
CS(=O)(=O)C1=CC=C(CN)C=C1,0.12208907981008366,CS(=O)(=O)C1=CC=C(CN)C=C1
CS(=O)(=O)CCN,0.009801633605600933,CS(=O)(=O)CCN
CS(=O)(=O)CC[C@@H](C(=O)O)N,0.0041245617653124355,CS(=O)(=O)CC[C@@H](C(=O)O)N
CSCC[C@@H](C(=O)O)N,0.0014074595355383533,CSCC[C@@H](C(=O)O)N
CSCC[C@H](C(=O)O)N,0.002763067004374856,CSCC[C@H](C(=O)O)N
C[C@@H](C(=O)O)N,0.0005046681806712087,C[C@@H](C(=O)O)N
C[C@@H](C(=O)O)NC,0.0,C[C@@H](C(=O)O)NC
C[C@@H](CC(=O)O)N,0.0,C[C@@H](CC(=O)O)N
C[C@@H](O)CN,0.009086561453849833,C[C@@H](O)CN
C[C@@H]([C@H](C(=O)O)N)O,0.00017833259028087384,C[C@@H]([C@H](C(=O)O)N)O
C[C@@H]([C@H](C(=O)O)N)OC(C)(C)C,0.0021943099273607747,C[C@@H]([C@H](C(=O)O)N)OC(C)(C)C
C[C@@H](c1ccc(cc1)C(=O)O)N,8.583690987124464e-05,C[C@@H](c1ccc(cc1)C(=O)O)N
C[C@H](C(=O)O)N,0.0008141792446921776,C[C@H](C(=O)O)N
C[C@H]([C@@H](C(=O)O)N)O,0.0,C[C@H]([C@@H](C(=O)O)N)O
C[C@H]([C@@H](C(=O)O)N)OC,0.0,C[C@H]([C@@H](C(=O)O)N)OC
C[C@H]([C@@H](C(=O)O)N)OC(C)(C)C,0.0035712048117285886,C[C@H]([C@@H](C(=O)O)N)OC(C)(C)C
C[C@H]([C@@H](C(=O)O)N)OCc1ccccc1,0.018950774208458518,C[C@H]([C@@H](C(=O)O)N)OCc1ccccc1
C[C@H]([C@H](C(=O)O)N)O,0.0,C[C@H]([C@H](C(=O)O)N)O
Cc1c(n2c(n1)CNCC2)C(=O)O,0.0,Cc1c(n2c(n1)CNCC2)C(=O)O
Cc1ccc(cc1)C(CC(=O)O)N,0.019902518277822908,Cc1ccc(cc1)[C@H](CC(=O)O)N
Cc1ccc(cc1)C[C@@H](C(=O)O)N,0.011259720062208399,Cc1ccc(cc1)C[C@@H](C(=O)O)N
Cc1ccc(cc1)C[C@H](C(=O)O)N,0.0013307310149041874,Cc1ccc(cc1)C[C@H](C(=O)O)N
Cc1ccc(cc1)S(=O)(=O)n2cc(nc2)C[C@H](C(=O)O)N,0.0,Cc1ccc(cc1)S(=O)(=O)n2cc(nc2)C[C@H](C(=O)O)N
Cc1cccc(c1)C[C@@H](C(=O)O)N,0.007571345369831101,Cc1cccc(c1)C[C@@H](C(=O)O)N
Cc1cccc(c1)C[C@H](C(=O)O)N,0.0,Cc1cccc(c1)C[C@H](C(=O)O)N
Cc1ccccc1C[C@@H](C(=O)O)N,0.0013437248051599033,Cc1ccccc1C[C@@H](C(=O)O)N
Cc1ccccc1C[C@@H](CC(=O)O)N,0.008434128800261523,Cc1ccccc1C[C@@H](CC(=O)O)N
Cc1ccccc1C[C@H](C(=O)O)N,0.018549638055842813,Cc1ccccc1C[C@H](C(=O)O)N
Cn1c(cc(n1)C(=O)O)C2CCCNC2,0.00027056277056277056,Cn1c(cc(n1)C(=O)O)[C@H]2CCCNC2
Cn1cc(c2c1cccc2)C[C@@H](C(=O)O)N,0.0001798237727027513,Cn1cc(c2c1cccc2)C[C@@H](C(=O)O)N
Cn1cc(c2c1cccc2)C[C@H](C(=O)O)N,0.006998495650467657,Cn1cc(c2c1cccc2)C[C@H](C(=O)O)N
N#CC1=CC=C(CN)C=C1,0.034695817490494295,N#CC1=CC=C(CN)C=C1
NC1CC2=C(C=CC=C2)C1,0.08183111954459203,NC1CC2=C(C=CC=C2)C1
NC1CCC2=C1C=CC=C2,0.05263157894736842,c1ccc2c(c1)CC[C@H]2N
NC1CCOC1,0.01497584541062802,C1COC[C@@H]1N
NC1COC1,0.038303693570451436,NC1COC1
NCC(C1=CC=C(F)C=C1)N1CCCC1,0.007735583684950774,c1cc(ccc1[C@H](CN)N2CCCC2)F
NCC(C1=CC=CO1)N1CCCC1,0.009507962918944617,c1cc(oc1)[C@H](CN)N2CCCC2
NCC(C1=CC=CO1)N1CCCCC1,0.011155008133860098,c1cc(oc1)[C@H](CN)N2CCCCC2
NCC(F)(F)C1=CC=CC=C1,0.08100218924835806,NCC(F)(F)C1=CC=CC=C1
NCC(N)=O,0.0066928225248096005,NCC(N)=O
NCC(O)C1=CC=C(C(F)(F)F)C=C1,0.04287369640787949,c1cc(ccc1[C@@H](CN)O)C(F)(F)F
NCC(O)C1=CC=CC=C1,0.043107531975367125,c1ccc(cc1)[C@H](CN)O
NCC(O)C1=CN=CC=C1,0.019635675419919566,c1cc(cnc1)[C@H](CN)O
NCC(O)CN1CCOCC1,0.007854007854007854,C1COCCN1C[C@H](CN)O
NCC(O)CO,0.007586206896551724,C([C@H](CO)O)N
NCC1(CO)CCC1,0.2379853095487933,NCC1(CO)CCC1
NCC1(CO)COC1,0.023844282238442822,NCC1(CO)COC1
NCC1(N2CCCCC2)CCCC1,0.0062514470942347765,NCC1(N2CCCCC2)CCCC1
NCC1(N2CCOCC2)CCCC1,0.04711791437455154,NCC1(N2CCOCC2)CCCC1
NCC1(O)CCC1,0.017029328287606435,NCC1(O)CCC1
NCC1(O)CCOCC1,0.004479019330504479,NCC1(O)CCOCC1
NCC1=C(C(F)(F)F)C=C(F)C=C1,0.07432275989812456,NCC1=C(C(F)(F)F)C=C(F)C=C1
NCC1=C(C(F)(F)F)C=CC(F)=C1,0.0707070707070707,NCC1=C(C(F)(F)F)C=CC(F)=C1
NCC1=C(C2=CC=CS2)C=CC=C1,0.17924314525266258,NCC1=C(C2=CC=CS2)C=CC=C1
NCC1=C(CN2C=CC=N2)C=CC=C1,0.06528258362168397,NCC1=C(CN2C=CC=N2)C=CC=C1
NCC1=C(Cl)C(Cl)=CC=C1,0.11103351955307263,NCC1=C(Cl)C(Cl)=CC=C1
NCC1=C(Cl)C(F)=CC=C1F,0.07113674597452535,NCC1=C(Cl)C(F)=CC=C1F
NCC1=C(Cl)C=C(Cl)C=C1,0.16162076030047803,NCC1=C(Cl)C=C(Cl)C=C1
NCC1=C(Cl)C=C(F)C=C1,0.11524255109578921,NCC1=C(Cl)C=C(F)C=C1
NCC1=C(Cl)C=CC(Cl)=C1,0.13606437454279444,NCC1=C(Cl)C=CC(Cl)=C1
NCC1=C(Cl)C=CC(F)=C1,0.07094357293373917,NCC1=C(Cl)C=CC(F)=C1
NCC1=C(Cl)C=CC=C1,0.08236389018147976,NCC1=C(Cl)C=CC=C1
NCC1=C(Cl)C=CC=C1Cl,0.09492635024549918,NCC1=C(Cl)C=CC=C1Cl
NCC1=C(Cl)C=CC=C1F,0.06370192307692307,NCC1=C(Cl)C=CC=C1F
NCC1=C(F)C(C(F)(F)F)=CC=C1,0.130879345603272,NCC1=C(F)C(C(F)(F)F)=CC=C1
NCC1=C(F)C(Cl)=CC=C1,0.1279775805698272,NCC1=C(F)C(Cl)=CC=C1
NCC1=C(F)C(Cl)=CC=C1F,0.1108550357225167,NCC1=C(F)C(Cl)=CC=C1F
NCC1=C(F)C(F)=CC=C1F,0.05028598665395615,NCC1=C(F)C(F)=CC=C1F
NCC1=C(F)C=C(C(F)(F)F)C=C1,0.0864815657715066,NCC1=C(F)C=C(C(F)(F)F)C=C1
NCC1=C(F)C=C(Cl)C=C1,0.1660187514292248,NCC1=C(F)C=C(Cl)C=C1
NCC1=C(F)C=C(Cl)C=N1,0.06622359363873724,NCC1=C(F)C=C(Cl)C=N1
NCC1=C(F)C=C(F)C=C1,0.08031088082901554,NCC1=C(F)C=C(F)C=C1
NCC1=C(F)C=C(F)C=C1F,0.05742527653565545,NCC1=C(F)C=C(F)C=C1F
NCC1=C(F)C=C(F)C=N1,0.03845257515730599,NCC1=C(F)C=C(F)C=N1
NCC1=C(F)C=CC(Cl)=C1,0.07879354687865327,NCC1=C(F)C=CC(Cl)=C1
NCC1=C(F)C=CC(F)=C1,0.056799434362479376,NCC1=C(F)C=CC(F)=C1
NCC1=C(F)C=CC=C1,0.05603242727706247,NCC1=C(F)C=CC=C1
NCC1=C(F)C=CC=C1F,0.05076023391812866,NCC1=C(F)C=CC=C1F
NCC1=C(N2C=CC=N2)C=CC=C1,0.08821486455197962,NCC1=C(N2C=CC=N2)C=CC=C1
NCC1=C(N2CCOCC2)N=CC=C1,0.0410958904109589,NCC1=C(N2CCOCC2)N=CC=C1
NCC1=C(OC(F)F)C=CC=C1,0.09246157599414491,NCC1=C(OC(F)F)C=CC=C1
NCC1=C2C=CC=CC2=CC=C1,0.09319158561411445,NCC1=C2C=CC=CC2=CC=C1
NCC1=C2C=CC=CC2=NC=C1,0.027507706900640267,NCC1=C2C=CC=CC2=NC=C1
NCC1=C2C=CC=NC2=CC=C1,0.03927636277076887,NCC1=C2C=CC=NC2=CC=C1
NCC1=C2OCCCOC2=CC=C1,0.1111864406779661,NCC1=C2OCCCOC2=CC=C1
NCC1=CC(C(F)(F)F)=C(F)C=C1,0.13930237724950012,NCC1=CC(C(F)(F)F)=C(F)C=C1
NCC1=CC(C(F)(F)F)=CC(F)=C1,0.1627394846950011,NCC1=CC(C(F)(F)F)=CC(F)=C1
NCC1=CC(C(F)(F)F)=CC=C1,0.13310988747905195,NCC1=CC(C(F)(F)F)=CC=C1
NCC1=CC(C2=CC=C(Cl)C=C2)=NO1,0.16263736263736264,NCC1=CC(C2=CC=C(Cl)C=C2)=NO1
NCC1=CC(C2=CC=CC=C2)=NO1,0.15164784512560497,NCC1=CC(C2=CC=CC=C2)=NO1
NCC1=CC(Cl)=C(Cl)C=C1,0.13695554557700942,NCC1=CC(Cl)=C(Cl)C=C1
NCC1=CC(Cl)=CC(Cl)=C1,0.13109619686800894,NCC1=CC(Cl)=CC(Cl)=C1
NCC1=CC(Cl)=CC=C1,0.0881648298993771,NCC1=CC(Cl)=CC=C1
NCC1=CC(F)=C(C(F)(F)F)C=C1,0.2779171894604768,NCC1=CC(F)=C(C(F)(F)F)C=C1
NCC1=CC(F)=C(F)C(F)=C1,0.0626172607879925,NCC1=CC(F)=C(F)C(F)=C1
NCC1=CC(F)=C(F)C=C1,0.06980161645848641,NCC1=CC(F)=C(F)C=C1
NCC1=CC(F)=CC(Cl)=C1,0.11297169811320755,NCC1=CC(F)=CC(Cl)=C1
NCC1=CC(F)=CC(F)=C1,0.05779129620963968,NCC1=CC(F)=CC(F)=C1
NCC1=CC(F)=CC=C1,0.061635525357922834,NCC1=CC(F)=CC=C1
NCC1=CC(N2C=CC=C2)=CC=C1,0.10279934133145142,NCC1=CC(N2C=CC=C2)=CC=C1
NCC1=CC2=C(C=C1)N=CC=C2,0.07289350135903139,NCC1=CC2=C(C=C1)N=CC=C2
NCC1=CC2=C(C=CC=C2)O1,0.10129564193168433,NCC1=CC2=C(C=CC=C2)O1
NCC1=CC=C(C(F)(F)F)C=C1,0.135295459730778,NCC1=CC=C(C(F)(F)F)C=C1
NCC1=CC=C(C(N)=O)C=C1,0.02223284723882381,NCC1=CC=C(C(N)=O)C=C1
NCC1=CC=C(C2=CC=CC=C2)C=C1,0.10052189698207398,NCC1=CC=C(C2=CC=CC=C2)C=C1
NCC1=CC=C(Cl)C=C1,0.12105868814729574,NCC1=CC=C(Cl)C=C1
NCC1=CC=C(F)C=C1,0.05601124912116241,NCC1=CC=C(F)C=C1
NCC1=CC=C(OC(F)F)C=C1,0.1548446917014372,NCC1=CC=C(OC(F)F)C=C1
NCC1=CC=CC=C1,0.055397051830718025,NCC1=CC=CC=C1
NCC1=CC=CO1,0.04149184149184149,NCC1=CC=CO1
NCC1=CC=CS1,0.06320224719101124,NCC1=CC=CS1
NCC1=CC=NC=C1,0.012445095168374817,NCC1=CC=NC=C1
NCC1=CN(C2=CC(F)=CC=C2)N=C1,0.17548806941431672,NCC1=CN(C2=CC(F)=CC=C2)N=C1
NCC1=CN2C=CC=NC2=N1,0.017306780464675202,NCC1=CN2C=CC=NC2=N1
NCC1=CN2CCSC2=N1,0.04140052046368583,NCC1=CN2CCSC2=N1
NCC1=CN=C2C=CC=CN12,0.027777777777777776,NCC1=CN=C2C=CC=CN12
NCC1=CN=CC=C1,0.025868263473053894,NCC1=CN=CC=C1
NCC1=CN=CS1,0.03066761028544468,NCC1=CN=CS1
NCC1=COC=C1,0.06572769953051644,NCC1=COC=C1
NCC1=COC=N1,0.015450439743285001,NCC1=COC=N1
NCC1=CSC=N1,0.02492499423032541,NCC1=CSC=N1
NCC1=NC(C2=CC=CC=C2)=CS1,0.09302325581395349,NCC1=NC(C2=CC=CC=C2)=CS1
NCC1=NC(C2=CC=CC=C2)=NO1,0.07598499061913697,NCC1=NC(C2=CC=CC=C2)=NO1
NCC1=NC(C2=CN=CC=C2)=NO1,0.024673784104389085,NCC1=NC(C2=CN=CC=C2)=NO1
NCC1=NC(C2=NC=CC=N2)=NO1,0.012775842044134728,NCC1=NC(C2=NC=CC=N2)=NO1
NCC1=NC(C2CCCCC2)=NO1,0.3971340839303992,NCC1=NC(C2CCCCC2)=NO1
NCC1=NC=CC=C1,0.021510516252390057,NCC1=NC=CC=C1
NCC1=NN(C2=CC=CC=C2)N=C1,0.12497154564079217,NCC1=NN(C2=CC=CC=C2)N=C1
NCC1=NN=C2C=CC=CN12,0.009510223490252021,NCC1=NN=C2C=CC=CN12
NCC1=NN=C2CCCCCN12,0.01496861419604056,NCC1=NN=C2CCCCCN12
NCC1=NN=CN1C1CCCCC1,0.031606463878326996,NCC1=NN=CN1C1CCCCC1
NCC1=NN=NN1C1=CC=CC=C1,0.059046715674650224,NCC1=NN=NN1C1=CC=CC=C1
NCC1=NOC(C2=CC=CC=C2)=N1,0.05981087470449173,NCC1=NOC(C2=CC=CC=C2)=N1
NCC1=NOC=C1,0.023714486968772014,NCC1=NOC=C1
NCC1CC1,0.03346360527601368,NCC1CC1
NCC1CCCO1,0.014656415185007208,C1C[C@@H](OC1)CN
NCC1CCN(C2CCCC2)CC1,0.022402287893231648,NCC1CCN(C2CCCC2)CC1
NCC1CCN(CC2=CC=CS2)CC1,0.03786244907740235,NCC1CCN(CC2=CC=CS2)CC1
NCC1CCN(CCC2=CC=CC=C2)CC1,0.007410949079607937,NCC1CCN(CCC2=CC=CC=C2)CC1
NCC1CCOCC1,0.009669811320754717,NCC1CCOCC1
NCC1COC2=C(C=CC=C2)O1,0.08848920863309352,c1ccc2c(c1)OC[C@H](O2)CN
NCC1COCCO1,0.010983874737088105,C1CO[C@@H](CO1)CN
NCCC(F)(F)F,0.021657250470809793,NCCC(F)(F)F
NCCC(O)C1=CC=CC=C1,0.0672189349112426,c1ccc(cc1)[C@H](CCN)O
NCCC1=CC2=C(C=CC=C2)C=C1,0.07475083056478406,NCCC1=CC2=C(C=CC=C2)C=C1
NCCC1=CC=C(F)C=C1,0.0525164113785558,NCCC1=CC=C(F)C=C1
NCCC1=CC=C(S(N)(=O)=O)C=C1,0.060372219700408535,NCCC1=CC=C(S(N)(=O)=O)C=C1
NCCC1=CC=CC=C1,0.05755395683453238,NCCC1=CC=CC=C1
NCCC1=CC=CS1,0.0833536436753595,NCCC1=CC=CS1
NCCC1=CC=NC=C1,0.02142513240250361,NCCC1=CC=NC=C1
NCCC1=CN2C=CC=CC2=N1,0.03343465045592705,NCCC1=CN2C=CC=CC2=N1
NCCC1=CN=CC=C1,0.022082018927444796,NCCC1=CN=CC=C1
NCCC1=CSC=C1,0.05449017773620206,NCCC1=CSC=C1
NCCC1=NC=CC=C1,0.02578180950107424,NCCC1=NC=CC=C1
NCCC1CCCC1,0.07220299884659746,NCCC1CCCC1
NCCC1CCCCO1,0.04416023166023166,C1CCO[C@@H](C1)CCN
NCCCC1=CC=CC=C1,0.11763279165656075,NCCCC1=CC=CC=C1
NCCCC1=CN=CC=C1,0.02664129400570885,NCCCC1=CN=CC=C1
NCCCC1=NC=CC=C1,0.04272683629380701,NCCCC1=NC=CC=C1
NCCCCC1=CC=CC=C1,0.242513611615245,NCCCCC1=CC=CC=C1
NCCCCN1CCCC1,0.0023758612497030173,NCCCCN1CCCC1
NCCCN1CCCC(C(N)=O)C1,0.0016362786348761104,C1C[C@H](CN(C1)CCCN)C(=O)N
NCCCN1CCCC1,0.011722488038277513,NCCCN1CCCC1
NCCCN1CCCCCC1,0.012545235223160435,NCCCN1CCCCCC1
NCCCN1CCOCC1,0.014684641309581126,NCCCN1CCOCC1
NCCCO,0.05067567567567568,NCCCO
NCCCS(=O)(=O)C1=CC=CC=C1,0.33941124780316345,NCCCS(=O)(=O)C1=CC=CC=C1
NCCCS(N)(=O)=O,0.03680555555555556,NCCCS(N)(=O)=O
NCCN1C=CC(C(F)(F)F)=N1,0.02753831417624521,NCCN1C=CC(C(F)(F)F)=N1
NCCN1C=NC2=C1C=CC=C2,0.09221501390176089,NCCN1C=NC2=C1C=CC=C2
NCCN1C=NC=N1,0.007124198527665638,NCCN1C=NC=N1
NCCN1CCC(O)CC1,0.0002384358607534573,NCCN1CCC(O)CC1
NCCN1CCCC(C(N)=O)C1,0.005121042830540037,C1C[C@H](CN(C1)CCN)C(=O)N
NCCN1CCCC(CO)C1,0.004751722499406035,C1C[C@H](CN(C1)CCN)CO
NCCN1CCCC(O)C1,0.04730229120473023,C1C[C@@H](CN(C1)CCN)O
NCCN1CCCC1,0.017145617000724464,NCCN1CCCC1
NCCN1CCCCC1,0.0014336917562724014,NCCN1CCCCC1
NCCN1CCCCC1CO,0.00141643059490085,C1CCN([C@H](C1)CO)CCN
NCCN1CCNC1=O,0.005396527451900516,NCCN1CCNC1=O
NCCN1CCOCC1,0.007318224740321058,NCCN1CCOCC1
NCCOC1=CC=CC=C1,0.06953488372093024,NCCOC1=CC=CC=C1
NCCOCC1=CC=CC=C1,0.08753568030447194,NCCOCC1=CC=CC=C1
NC[C@@H](O)C1=CC=CC=C1,0.06006984866123399,NC[C@@H](O)C1=CC=CC=C1
NC[C@@H]1CCC(=O)N1,0.007208073041806823,NC[C@@H]1CCC(=O)N1
NC[C@@H]1CCCC[C@H]1O,0.048414023372287146,NC[C@@H]1CCCC[C@H]1O
NC[C@H](O)C1=CC=CC=C1,0.06484149855907781,NC[C@H](O)C1=CC=CC=C1
N[C@@H]1C[C@H]1C1=CC=CC=C1,0.0945604773927014,N[C@@H]1C[C@H]1C1=CC=CC=C1
N[C@H]1CCOC1,0.0133363991722235,N[C@H]1CCOC1
c1c(c(no1)C2CCNC2)C(=O)O,0.00017937219730941703,c1c(c(no1)[C@H]2CCNC2)C(=O)O
c1c(cc(c(c1F)F)F)C[C@H](C(=O)O)N,0.012221793387366526,c1c(cc(c(c1F)F)F)C[C@H](C(=O)O)N
c1c(cc(cc1F)F)C[C@@H](C(=O)O)N,0.00036176177986795694,c1c(cc(cc1F)F)C[C@@H](C(=O)O)N
c1c(nc(o1)C2CCNCC2)C(=O)O,0.0003671071953010279,c1c(nc(o1)C2CCNCC2)C(=O)O
c1c(nc(o1)CN)C(=O)O,0.0015496868341189384,c1c(nc(o1)CN)C(=O)O
c1c(nc(o1)CN2CCCNCC2)C(=O)O,0.0,c1c(nc(o1)CN2CCCNCC2)C(=O)O
c1c(nc(o1)[C@@H]2CCNC2)C(=O)O,9.005763688760806e-05,c1c(nc(o1)[C@@H]2CCNC2)C(=O)O
c1c(nc(o1)[C@@H]2C[C@H](CN2)F)C(=O)O,0.0003621220351258374,c1c(nc(o1)[C@@H]2C[C@H](CN2)F)C(=O)O
c1c(nc(s1)[C@@H]2CCNC2)C(=O)O,8.944543828264758e-05,c1c(nc(s1)[C@@H]2CCNC2)C(=O)O
c1c(ncs1)C[C@H](C(=O)O)N,0.002800573140549694,c1c(ncs1)C[C@H](C(=O)O)N
c1c(noc1C(=O)O)C2CCNCC2,0.0,c1c(noc1C(=O)O)C2CCNCC2
c1cc(c(c(c1)Cl)Cl)C(CC(=O)O)N,0.0,c1cc(c(c(c1)Cl)Cl)[C@H](CC(=O)O)N
c1cc(c(cc1C(=O)O)F)N2CCNCC2,0.0018450184501845018,c1cc(c(cc1C(=O)O)F)N2CCNCC2
c1cc(c(cc1C(CC(=O)O)N)Cl)Cl,0.0,c1cc(c(cc1[C@H](CC(=O)O)N)Cl)Cl
c1cc(c(cc1C[C@@H](C(=O)O)N)Cl)Cl,0.012945602958994962,c1cc(c(cc1C[C@@H](C(=O)O)N)Cl)Cl
c1cc(c(cc1C[C@@H](C(=O)O)N)F)F,0.0003662332906061161,c1cc(c(cc1C[C@@H](C(=O)O)N)F)F
c1cc(c(cc1C[C@H](C(=O)O)N)Cl)Cl,0.02355294573143189,c1cc(c(cc1C[C@H](C(=O)O)N)Cl)Cl
c1cc(c(cc1C[C@H](C(=O)O)N)F)F,0.01244380741416379,c1cc(c(cc1C[C@H](C(=O)O)N)F)F
c1cc(c(cc1Cl)C[C@@H](C(=O)O)N)Cl,0.012344083241775997,c1cc(c(cc1Cl)C[C@@H](C(=O)O)N)Cl
c1cc(c(cc1Cl)Cl)C[C@@H](C(=O)O)N,0.030458501104039484,c1cc(c(cc1Cl)Cl)C[C@@H](C(=O)O)N
c1cc(cc(c1)Br)C[C@@H](C(=O)O)N,0.010463764371528227,c1cc(cc(c1)Br)C[C@@H](C(=O)O)N
c1cc(cc(c1)C#N)C[C@@H](C(=O)O)N,0.006138537089687258,c1cc(cc(c1)C#N)C[C@@H](C(=O)O)N
c1cc(cc(c1)C#N)C[C@H](C(=O)O)N,0.0008987956138774043,c1cc(cc(c1)C#N)C[C@H](C(=O)O)N
c1cc(cc(c1)C(=O)O)CN,0.011155546200799832,c1cc(cc(c1)C(=O)O)CN
c1cc(cc(c1)C(F)(F)F)C(CC(=O)O)N,0.0012572968118545128,c1cc(cc(c1)C(F)(F)F)[C@H](CC(=O)O)N
c1cc(cc(c1)C(F)(F)F)C[C@@H](C(=O)O)N,0.009427168576104747,c1cc(cc(c1)C(F)(F)F)C[C@@H](C(=O)O)N
c1cc(cc(c1)CN)CC(=O)O,0.00017975912277548085,c1cc(cc(c1)CN)CC(=O)O
c1cc(cc(c1)Cl)C(C(=O)O)N,0.009177318911832186,c1cc(cc(c1)Cl)[C@@H](C(=O)O)N
c1cc(cc(c1)Cl)C(CC(=O)O)N,0.0004267303917384996,c1cc(cc(c1)Cl)[C@H](CC(=O)O)N
c1cc(cc(c1)Cl)C[C@H](C(=O)O)N,0.06315058986814712,c1cc(cc(c1)Cl)C[C@H](C(=O)O)N
c1cc(cc(c1)F)C(CC(=O)O)N,0.0029992501874531365,c1cc(cc(c1)F)[C@@H](CC(=O)O)N
c1cc(cc(c1)F)C[C@@H](C(=O)O)N,0.00035746201966041106,c1cc(cc(c1)F)C[C@@H](C(=O)O)N
c1cc(cc(c1)F)C[C@H](C(=O)O)N,0.013836313797154418,c1cc(cc(c1)F)C[C@H](C(=O)O)N
c1cc(ccc1C(=O)O)N2CCNCC2,0.016995865870463943,c1cc(ccc1C(=O)O)N2CCNCC2
c1cc(ccc1C(C(=O)O)N)F,0.003926784470200772,c1cc(ccc1[C@H](C(=O)O)N)F
c1cc(ccc1C(CC(=O)O)N)Br,0.024711316397228636,c1cc(ccc1[C@H](CC(=O)O)N)Br
c1cc(ccc1C(CC(=O)O)N)Cl,0.0007004027315706532,c1cc(ccc1[C@H](CC(=O)O)N)Cl
c1cc(ccc1C(CC(=O)O)N)F,0.013388259526261586,c1cc(ccc1[C@H](CC(=O)O)N)F
c1cc(ccc1CC(=O)O)CN,0.0035283551449833204,c1cc(ccc1CC(=O)O)CN
c1cc(ccc1CC(C(=O)O)N)Cl,0.04434818481848185,c1cc(ccc1C[C@@H](C(=O)O)N)Cl
c1cc(ccc1CC(C(=O)O)N)F,0.034775408818050094,c1cc(ccc1C[C@@H](C(=O)O)N)F
c1cc(ccc1CCN)C(=O)O,0.002076385830239728,c1cc(ccc1CCN)C(=O)O
c1cc(ccc1CN)C(=O)O,0.0025559503771585314,c1cc(ccc1CN)C(=O)O
c1cc(ccc1C[C@@H](C(=O)O)N)C#N,0.0,c1cc(ccc1C[C@@H](C(=O)O)N)C#N
c1cc(ccc1C[C@@H](C(=O)O)N)C(F)(F)F,0.010993424024898349,c1cc(ccc1C[C@@H](C(=O)O)N)C(F)(F)F
c1cc(ccc1C[C@@H](C(=O)O)N)Cl,0.010822646230841414,c1cc(ccc1C[C@@H](C(=O)O)N)Cl
c1cc(ccc1C[C@@H](C(=O)O)N)F,0.00035423308537017357,c1cc(ccc1C[C@@H](C(=O)O)N)F
c1cc(ccc1C[C@@H](CC(=O)O)N)F,0.005741127348643006,c1cc(ccc1C[C@@H](CC(=O)O)N)F
c1cc(ccc1C[C@H](C(=O)O)N)C#N,0.0072935660328210476,c1cc(ccc1C[C@H](C(=O)O)N)C#N
c1cc(ccc1C[C@H](C(=O)O)N)C(F)(F)F,0.016013354766909856,c1cc(ccc1C[C@H](C(=O)O)N)C(F)(F)F
c1cc(ccc1C[C@H](C(=O)O)N)Cl,0.0012148559527941688,c1cc(ccc1C[C@H](C(=O)O)N)Cl
c1cc(ccc1C[C@H](C(=O)O)N)F,0.011424219345011425,c1cc(ccc1C[C@H](C(=O)O)N)F
c1cc(ccc1C[C@H](C(=O)O)N)O,0.03798326927424825,c1cc(ccc1C[C@H](C(=O)O)N)O
c1cc(ccc1C[C@H](CC(=O)O)N)Cl,0.000998003992015968,c1cc(ccc1C[C@H](CC(=O)O)N)Cl
c1cc(ccc1[C@@H](C(=O)O)N)Cl,0.001017293997965412,c1cc(ccc1[C@@H](C(=O)O)N)Cl
c1cc(ccc1[C@@H](C(=O)O)N)F,0.00027417291171632244,c1cc(ccc1[C@@H](C(=O)O)N)F
c1cc(ccc1[C@@H](CC(=O)O)CN)Cl,0.015615811826200587,c1cc(ccc1[C@@H](CC(=O)O)CN)Cl
c1cc(ccc1[C@@H](CC(=O)O)N)Br,0.0,c1cc(ccc1[C@@H](CC(=O)O)N)Br
c1cc(ccc1[C@H](C(=O)O)N)Cl,0.0010922992900054614,c1cc(ccc1[C@H](C(=O)O)N)Cl
c1cc(cnc1)CC(C(=O)O)N,0.0031748088635480108,c1cc(cnc1)C[C@@H](C(=O)O)N
c1cc(oc1)C(C(=O)O)N2CCNCC2,0.008377938096346288,c1cc(oc1)[C@@H](C(=O)O)N2CCNCC2
c1cc(oc1)C[C@H](C(=O)O)N,0.00315000315000315,c1cc(oc1)C[C@H](C(=O)O)N
c1cc(sc1)CC(C(=O)O)N,0.008863198458574181,c1cc(sc1)C[C@@H](C(=O)O)N
c1cc(sc1)C[C@H](C(=O)O)N,0.025783828382838284,c1cc(sc1)C[C@H](C(=O)O)N
c1cc2c(cc1C(=O)O)CCNC2,0.0,c1cc2c(cc1C(=O)O)CCNC2
c1cc2c(cc1C(=O)O)CNCC2,0.01677784515868203,c1cc2c(cc1C(=O)O)CNCC2
c1ccc(c(c1)C(=O)O)N2CCNCC2,0.0,c1ccc(c(c1)C(=O)O)N2CCNCC2
c1ccc(c(c1)C(CC(=O)O)N)Cl,0.003136803021573523,c1ccc(c(c1)[C@H](CC(=O)O)N)Cl
c1ccc(c(c1)C(CC(=O)O)N)F,0.0,c1ccc(c(c1)[C@H](CC(=O)O)N)F
c1ccc(c(c1)CC(=O)O)CN,0.005039687539372559,c1ccc(c(c1)CC(=O)O)CN
c1ccc(c(c1)CC(C(=O)O)N)Cl,0.0351264552388599,c1ccc(c(c1)C[C@@H](C(=O)O)N)Cl
c1ccc(c(c1)CN)C(=O)O,0.003541032490526185,c1ccc(c(c1)CN)C(=O)O
c1ccc(c(c1)CN)OCC(=O)O,0.0,c1ccc(c(c1)CN)OCC(=O)O
c1ccc(c(c1)C[C@@H](C(=O)O)N)C#N,0.0004506534474988734,c1ccc(c(c1)C[C@@H](C(=O)O)N)C#N
c1ccc(c(c1)C[C@@H](C(=O)O)N)Cl,0.013082481933715424,c1ccc(c(c1)C[C@@H](C(=O)O)N)Cl
c1ccc(c(c1)C[C@@H](C(=O)O)N)F,0.007594108019639934,c1ccc(c(c1)C[C@@H](C(=O)O)N)F
c1ccc(c(c1)C[C@H](C(=O)O)N)Br,0.02556836902800659,c1ccc(c(c1)C[C@H](C(=O)O)N)Br
c1ccc(c(c1)C[C@H](C(=O)O)N)C#N,0.0006258381761287438,c1ccc(c(c1)C[C@H](C(=O)O)N)C#N
c1ccc(c(c1)C[C@H](C(=O)O)N)F,0.0007220868309414207,c1ccc(c(c1)C[C@H](C(=O)O)N)F
c1ccc(c(c1)C[C@H](CC(=O)O)N)Cl,0.012312254238380713,c1ccc(c(c1)C[C@H](CC(=O)O)N)Cl
c1ccc(c(c1)C[C@H](CC(=O)O)N)F,0.022511023439313067,c1ccc(c(c1)C[C@H](CC(=O)O)N)F
c1ccc(c(c1)[C@@H](C(=O)O)N)Cl,0.0008181818181818182,c1ccc(c(c1)[C@@H](C(=O)O)N)Cl
c1ccc(cc1)C(C(=O)O)N,0.011655011655011656,c1ccc(cc1)[C@H](C(=O)O)N
c1ccc(cc1)C(C(=O)O)N2CCNCC2,0.01485148514851485,c1ccc(cc1)[C@H](C(=O)O)N2CCNCC2
c1ccc(cc1)C(CC(=O)O)CN,0.0002680246582685607,c1ccc(cc1)[C@@H](CC(=O)O)CN
c1ccc(cc1)C(CC(=O)O)N,0.0023394031360647444,c1ccc(cc1)[C@H](CC(=O)O)N
c1ccc(cc1)C(c2ccccc2)[C@H](C(=O)O)N,0.008130605923727174,c1ccc(cc1)C(c2ccccc2)[C@H](C(=O)O)N
c1ccc(cc1)CCC[C@@H](C(=O)O)N,0.023623571935712902,c1ccc(cc1)CCC[C@@H](C(=O)O)N
c1ccc(cc1)CCC[C@H](C(=O)O)N,0.025211184598258135,c1ccc(cc1)CCC[C@H](C(=O)O)N
c1ccc(cc1)CC[C@@H](C(=O)O)N,0.0009037505648441031,c1ccc(cc1)CC[C@@H](C(=O)O)N
c1ccc(cc1)CC[C@H](C(=O)O)N,0.0075558475689881735,c1ccc(cc1)CC[C@H](C(=O)O)N
c1ccc(cc1)CNCC(=O)O,0.00418065496927852,c1ccc(cc1)CNCC(=O)O
c1ccc(cc1)CNCCC(=O)O,0.001099102399706906,c1ccc(cc1)CNCCC(=O)O
c1ccc(cc1)COC(=O)NCCN,0.08714596949891068,c1ccc(cc1)COC(=O)NCCN
c1ccc(cc1)COCC[C@H](C(=O)O)N,0.007929226736566186,c1ccc(cc1)COCC[C@H](C(=O)O)N
c1ccc(cc1)COC[C@@H](C(=O)O)N,0.007666151468315301,c1ccc(cc1)COC[C@@H](C(=O)O)N
c1ccc(cc1)CO[C@@H]2C[C@H](NC2)C(=O)O,0.0002696629213483146,c1ccc(cc1)CO[C@@H]2C[C@H](NC2)C(=O)O
c1ccc(cc1)COc2ccc(cc2)C[C@@H](C(=O)O)N,0.001990652587848364,c1ccc(cc1)COc2ccc(cc2)C[C@@H](C(=O)O)N
c1ccc(cc1)COc2ccc(cc2)C[C@H](C(=O)O)N,0.003973629549354285,c1ccc(cc1)COc2ccc(cc2)C[C@H](C(=O)O)N
c1ccc(cc1)C[C@@H](C(=O)O)N,0.0066713260054641335,c1ccc(cc1)C[C@@H](C(=O)O)N
c1ccc(cc1)C[C@@H](CC(=O)O)N,0.0,c1ccc(cc1)C[C@@H](CC(=O)O)N
c1ccc(cc1)C[C@H](C(=O)O)N,0.009656117617742337,c1ccc(cc1)C[C@H](C(=O)O)N
c1ccc(cc1)Cn2cc(nc2)C[C@@H](C(=O)O)N,0.0013363028953229399,c1ccc(cc1)Cn2cc(nc2)C[C@@H](C(=O)O)N
c1ccc(cc1)[C@@H](CC(=O)O)N,0.0003554607660179508,c1ccc(cc1)[C@@H](CC(=O)O)N
c1ccc(cc1)[C@@H]([C@H](C(=O)O)N)O,0.00035698348951361,c1ccc(cc1)[C@@H]([C@H](C(=O)O)N)O
c1ccc(cc1)[C@@H]2C[C@H](NC2)C(=O)O,0.00017765144785930004,c1ccc(cc1)[C@@H]2C[C@H](NC2)C(=O)O
c1ccc(cc1)[C@H](C(=O)O)N,0.01004566210045662,c1ccc(cc1)[C@H](C(=O)O)N
c1ccc(cc1)[C@H](CC(=O)O)N,0.0,c1ccc(cc1)[C@H](CC(=O)O)N
c1ccc(cc1)[C@H]2CCN[C@@H]2C(=O)O,0.0,c1ccc(cc1)[C@H]2CCN[C@@H]2C(=O)O
c1ccc(cc1)[C@H]2CC[C@H](N2)C(=O)O,0.004189944134078212,c1ccc(cc1)[C@H]2CC[C@H](N2)C(=O)O
c1ccc(cc1)c2ccc(cc2)C(CC(=O)O)N,0.009900990099009901,c1ccc(cc1)c2ccc(cc2)[C@H](CC(=O)O)N
c1ccc(cc1)c2ccc(cc2)C[C@@H](C(=O)O)N,0.010945954350394926,c1ccc(cc1)c2ccc(cc2)C[C@@H](C(=O)O)N
c1ccc(cc1)c2ccc(cc2)C[C@H](C(=O)O)N,0.041736434108527135,c1ccc(cc1)c2ccc(cc2)C[C@H](C(=O)O)N
c1ccc2c(c1)CC(C2)(C(=O)O)N,0.0003439972480220158,c1ccc2c(c1)CC(C2)(C(=O)O)N
c1ccc2c(c1)CCC(C2)(C(=O)O)N,0.0,c1ccc2c(c1)CC[C@](C2)(C(=O)O)N
c1ccc2c(c1)CCNC2C(=O)O,0.0,c1ccc2c(c1)CCN[C@@H]2C(=O)O
c1ccc2c(c1)CCN[C@H]2C(=O)O,0.004737798546209761,c1ccc2c(c1)CCN[C@H]2C(=O)O
c1ccc2c(c1)CNC2C(=O)O,0.00415541242468315,c1ccc2c(c1)CN[C@@H]2C(=O)O
c1ccc2c(c1)C[C@@H](NC2)C(=O)O,0.0,c1ccc2c(c1)C[C@@H](NC2)C(=O)O
c1ccc2c(c1)c(c[nH]2)C[C@@H](C(=O)O)N,0.005611601513240858,c1ccc2c(c1)c(c[nH]2)C[C@@H](C(=O)O)N
c1ccc2c(c1)c(c[nH]2)C[C@@H](CC(=O)O)N,0.0033723467565959135,c1ccc2c(c1)c(c[nH]2)C[C@@H](CC(=O)O)N
c1ccc2c(c1)c(c[nH]2)C[C@H](C(=O)O)N,0.008102212527267061,c1ccc2c(c1)c(c[nH]2)C[C@H](C(=O)O)N
c1ccc2c(c1)c(cs2)C[C@@H](C(=O)O)N,0.01448135770919337,c1ccc2c(c1)c(cs2)C[C@@H](C(=O)O)N
c1ccc2c(c1)c3c([nH]2)CN[C@@H](C3)C(=O)O,0.0002668326958996709,c1ccc2c(c1)c3c([nH]2)CN[C@@H](C3)C(=O)O
c1ccc2c(c1)cccc2C(CC(=O)O)N,0.010896381578947368,c1ccc2c(c1)cccc2[C@H](CC(=O)O)N
c1ccc2c(c1)cccc2C[C@@H](C(=O)O)N,0.008346506481188745,c1ccc2c(c1)cccc2C[C@@H](C(=O)O)N
c1ccc2c(c1)cccc2C[C@H](C(=O)O)N,0.018781435028967976,c1ccc2c(c1)cccc2C[C@H](C(=O)O)N
c1ccc2c(c1)cccc2C[C@H](CC(=O)O)N,0.013795336787564767,c1ccc2c(c1)cccc2C[C@H](CC(=O)O)N
c1ccc2cc(ccc2c1)C(CC(=O)O)N,0.0,c1ccc2cc(ccc2c1)[C@H](CC(=O)O)N
c1ccc2cc(ccc2c1)C[C@@H](CC(=O)O)N,0.01826697892271663,c1ccc2cc(ccc2c1)C[C@@H](CC(=O)O)N
c1ccc2cc(ccc2c1)C[C@H](C(=O)O)N,0.03880473127204814,c1ccc2cc(ccc2c1)C[C@H](C(=O)O)N
c1ccc2cc(ccc2c1)C[C@H](CC(=O)O)N,0.010817855979146302,c1ccc2cc(ccc2c1)C[C@H](CC(=O)O)N
c1cnccc1C[C@@H](C(=O)O)N,0.0,c1cnccc1C[C@@H](C(=O)O)N
c1cnccc1C[C@H](C(=O)O)N,0.0,c1cnccc1C[C@H](C(=O)O)N
c1cnn(c1C(=O)O)CC2CNC2,0.0,c1cnn(c1C(=O)O)CC2CNC2
c1nc(c(o1)C2CNCCO2)C(=O)O,8.884940026654821e-05,c1nc(c(o1)[C@@H]2CNCCO2)C(=O)O
c1nc(nn1CC2CCNCC2)C(=O)O,0.0,c1nc(nn1CC2CCNCC2)C(=O)O
c1nc(nn1CC2CNC2)C(=O)O,0.0,c1nc(nn1CC2CNC2)C(=O)O
